metric,channel,peak_center,band_lo,band_hi,run_lo,run_hi,run_width,r,cohens_d,p_logit,q_logit,n,n_ratings
back_vas,ZERO_THREE_LEFT,23.5,21.0,26.0,18.5,30.5,13,0.48669369872352103,1.4729065,0.0002262647749293028,0.06312787220527548,63,25
back_vas,ZERO_TWO_LEFT,88.5,86.0,91.0,88.5,90.5,3,-0.40703450830275967,-0.852747,0.0054876944343936005,0.3420025501965041,56,26
back_vas,ONE_THREE_RIGHT,53.5,51.0,56.0,52.5,54.5,3,-0.3587439555423364,-0.7052545,0.005543543905197347,0.3420025501965041,53,24
back_vas,ZERO_TWO_LEFT,36.5,34.0,39.0,35.5,37.5,3,-0.3906989205023386,-0.9289736,0.005661335567499272,0.3420025501965041,56,26
back_vas,ZERO_TWO_RIGHT,48.5,46.0,51.0,47.5,53.5,7,-0.31103806765962017,-0.9488594,0.0074906917972840745,0.3420025501965041,53,24
back_vas,ZERO_THREE_LEFT,71.5,69.0,74.0,70.5,73.5,4,-0.4102591820890718,-1.0617545,0.013628043470803004,0.3420025501965041,63,25
back_vas,ZERO_TWO_LEFT,54.5,52.0,57.0,52.5,58.5,7,-0.54759525067497,-1.2472737,0.014917460456868922,0.3420025501965041,56,26
back_vas,ZERO_TWO_LEFT,85.5,83.0,88.0,85.5,86.5,2,-0.44235906262264196,-1.0377125,0.017280563375642065,0.3499751866499451,56,26
back_vas,ZERO_TWO_RIGHT,56.5,54.0,59.0,56.5,57.5,2,-0.3318999695483248,-0.59453666,0.018197174443410315,0.3499751866499451,53,24
back_vas,ZERO_TWO_LEFT,39.5,37.0,42.0,39.5,39.5,1,-0.39844798714806734,-0.87508965,0.01944306592499695,0.3499751866499451,56,26
back_vas,ZERO_TWO_LEFT,92.5,90.0,95.0,92.5,92.5,1,-0.35175092126639174,-0.7281492,0.023360921295199948,0.3620942800755992,56,26
back_vas,ONE_THREE_RIGHT,44.5,42.0,47.0,44.5,45.5,2,-0.31376478643551187,-0.7117641,0.025803986137187842,0.3766289630952602,53,24
back_vas,ZERO_THREE_LEFT,60.5,58.0,63.0,60.5,60.5,1,-0.33411021817225334,-1.0157744,0.026536994907484044,0.3766289630952602,63,25
back_vas,ZERO_THREE_RIGHT,80.5,78.0,83.0,79.5,80.5,2,-0.1766694899229851,-0.6177555,0.02699849197815485,0.3766289630952602,94,34
back_vas,ZERO_THREE_LEFT,84.5,82.0,87.0,84.5,84.5,1,-0.43426244837412736,-1.0334121,0.02809175112678927,0.3823218811889857,63,25
back_vas,ZERO_TWO_LEFT,98.5,96.0,101.0,98.5,98.5,1,-0.3769031443580046,-0.7616137,0.029882529769580495,0.3865545506113037,56,26
back_vas,ZERO_THREE_LEFT,52.5,50.0,55.0,51.5,53.5,3,-0.42440903122547546,-0.9766847,0.033109276845735836,0.3865545506113037,63,25
back_vas,ZERO_TWO_LEFT,61.5,59.0,64.0,60.5,61.5,2,-0.43758169490338067,-1.1336027,0.03451142100967971,0.38731273580588216,56,26
back_vas,ZERO_TWO_LEFT,25.5,23.0,28.0,23.5,25.5,3,0.26496653292471506,0.8605181,0.03772346069630879,0.3897397499848232,56,26
back_vas,ZERO_TWO_LEFT,50.5,48.0,53.0,50.5,50.5,1,-0.3940290517897722,-0.88627714,0.042903030413279274,0.4069342552899162,56,26
back_vas,ZERO_TWO_LEFT,73.5,71.0,76.0,73.5,73.5,1,-0.4766094175065366,-1.3077272,0.043450849690027674,0.4069342552899162,56,26
back_vas,ZERO_THREE_LEFT,81.5,79.0,84.0,81.5,81.5,1,-0.37464551520555367,-0.76989865,0.04737503750177107,0.41513585585506374,63,25
composite_mpq_leftleg,ZERO_TWO_LEFT,92.5,90.0,95.0,83.5,94.5,12,-0.45978083754158927,-1.0860784,0.0012847469328122608,0.14337775770184832,79,31
composite_mpq_leftleg,ZERO_THREE_LEFT,53.5,51.0,56.0,48.5,57.5,10,-0.4867751495606722,-1.1500595,0.004259950336821563,0.27204937619739955,86,32
composite_mpq_leftleg,ZERO_TWO_RIGHT,56.5,54.0,59.0,55.5,57.5,3,-0.28968953676151993,-0.6001643,0.008258227910029186,0.3072060782530857,73,27
composite_mpq_leftleg,ZERO_THREE_LEFT,84.5,82.0,87.0,81.5,84.5,4,-0.4875974218057752,-1.0083127,0.009143030579269355,0.30917061616876845,86,32
composite_mpq_leftleg,ZERO_THREE_LEFT,68.5,66.0,71.0,59.5,74.5,16,-0.44767934362307116,-1.263067,0.011310637072738149,0.3287740317546752,86,32
composite_mpq_leftleg,ONE_THREE_LEFT,54.5,52.0,57.0,54.5,58.5,5,-0.3548808350367841,-0.859305,0.02476327873629647,0.3423312059261147,90,35
composite_mpq_leftleg,ZERO_TWO_RIGHT,48.5,46.0,51.0,47.5,50.5,4,-0.28288678089516106,-0.6275604,0.03124380379123682,0.3423312059261147,73,27
composite_mpq_leftleg,ZERO_THREE_LEFT,92.5,90.0,95.0,92.5,92.5,1,-0.3886753424796477,-0.7361145,0.034438570773150046,0.3423312059261147,86,32
composite_mpq_leftleg,ZERO_TWO_RIGHT,75.5,73.0,78.0,73.5,75.5,3,-0.2489491692102992,-0.68079424,0.03444704298839781,0.3423312059261147,73,27
composite_mpq_leftleg,ZERO_TWO_RIGHT,35.5,33.0,38.0,33.5,35.5,3,-0.2568420677400871,-0.56456155,0.03568284967035091,0.3423312059261147,73,27
composite_mpq_leftleg,ZERO_TWO_LEFT,97.5,95.0,100.0,97.5,97.5,1,-0.31188954071119984,-0.6962328,0.03709302472805248,0.3423312059261147,79,31
composite_mpq_leftleg,ZERO_THREE_LEFT,34.5,32.0,37.0,34.5,34.5,1,-0.32183317702691305,-0.640837,0.03738741968284662,0.3423312059261147,86,32
composite_mpq_leftleg,ZERO_TWO_LEFT,54.5,52.0,57.0,54.5,54.5,1,-0.4780093011213853,-1.0096918,0.039421403491105095,0.3423312059261147,79,31
composite_mpq_leftleg,ZERO_THREE_LEFT,42.5,40.0,45.0,42.5,43.5,2,-0.3767330344743462,-0.9875792,0.041242036107287695,0.3423312059261147,86,32
composite_mpq_leftleg,ONE_THREE_RIGHT,53.5,51.0,56.0,53.5,53.5,1,-0.2625236126190166,-0.44156563,0.04131782740049678,0.3423312059261147,73,27
composite_mpq_leftleg,ZERO_TWO_RIGHT,77.5,75.0,80.0,77.5,77.5,1,-0.1985899548985098,-0.5266058,0.04140957083919465,0.3423312059261147,73,27
composite_mpq_leftleg,ONE_THREE_RIGHT,57.5,55.0,60.0,56.5,57.5,2,-0.25618063620594334,-0.5508972,0.04201362788621413,0.3423312059261147,73,27
composite_mpq_leftleg,ZERO_TWO_RIGHT,37.5,35.0,40.0,37.5,37.5,1,-0.31179695462741125,-0.6175915,0.04325412384095787,0.3423312059261147,73,27
composite_mpq_leftleg,ZERO_TWO_LEFT,57.5,55.0,60.0,57.5,57.5,1,-0.4234880570200187,-0.77379185,0.0449367050302385,0.3423312059261147,79,31
composite_mpq_leftleg,ONE_THREE_LEFT,9.5,7.0,12.0,9.5,10.5,2,-0.4236657171403082,-1.0026658,0.04508547639142038,0.3423312059261147,90,35
composite_mpq_leftleg,ONE_THREE_LEFT,13.5,11.0,16.0,13.5,14.5,2,-0.3547635913529959,-0.8723371,0.046187917885894846,0.3423312059261147,90,35
composite_mpq_leftleg,ZERO_TWO_RIGHT,40.5,38.0,43.0,40.5,40.5,1,-0.24007041815468594,-0.5437683,0.048079073489224515,0.3423312059261147,73,27
composite_mpq_leftleg,ONE_THREE_LEFT,6.5,4.0,9.0,6.5,6.5,1,-0.4438983507807165,-0.99943554,0.049022807721787284,0.3423312059261147,90,35
composite_mpq_leftleg,ZERO_THREE_LEFT,36.5,34.0,39.0,36.5,36.5,1,-0.30592975906899134,-0.67152196,0.04957622014241234,0.3423312059261147,86,32
left_leg_vas,ONE_THREE_LEFT,23.5,21.0,26.0,21.5,28.5,8,0.47420610467134444,1.3563203,0.0006047954093741635,0.12211899058526479,65,25
left_leg_vas,ZERO_TWO_LEFT,39.5,37.0,42.0,33.5,40.5,8,-0.43089388661862255,-1.2609028,0.0075752715284486995,0.2701804366229898,56,23
left_leg_vas,ZERO_TWO_LEFT,87.5,85.0,90.0,85.5,93.5,9,-0.43930812609828157,-1.2651274,0.00825442124022518,0.2701804366229898,56,23
left_leg_vas,ZERO_THREE_LEFT,70.5,68.0,73.0,70.5,73.5,4,-0.3586119129148189,-1.0173199,0.008373093868318734,0.2701804366229898,63,23
left_leg_vas,ZERO_THREE_LEFT,23.5,21.0,26.0,21.5,24.5,4,0.35797151269848837,0.9334556,0.011018162207802239,0.2705823701551091,63,23
left_leg_vas,ZERO_TWO_LEFT,98.5,96.0,101.0,98.5,98.5,1,-0.29210174815844014,-0.81535214,0.01634770017060666,0.34948233742146284,56,23
left_leg_vas,ZERO_TWO_LEFT,54.5,52.0,57.0,48.5,58.5,11,-0.5039745526788375,-1.3598238,0.020103249379920057,0.3670880751467062,56,23
left_leg_vas,ZERO_THREE_LEFT,53.5,51.0,56.0,50.5,53.5,4,-0.4692240474457084,-1.0601394,0.021313477720337124,0.3670880751467062,63,23
left_leg_vas,ONE_THREE_RIGHT,53.5,51.0,56.0,53.5,54.5,2,-0.23775902475136365,-0.6408126,0.023769529570914834,0.3670880751467062,53,22
left_leg_vas,ZERO_TWO_RIGHT,48.5,46.0,51.0,47.5,50.5,4,-0.23744123362948472,-0.83093613,0.03294433179912534,0.39936410736160255,53,22
left_leg_vas,ZERO_TWO_LEFT,73.5,71.0,76.0,73.5,73.5,1,-0.4402514021877312,-1.204413,0.03370478367848174,0.39936410736160255,56,23
left_leg_vas,ZERO_TWO_LEFT,61.5,59.0,64.0,60.5,61.5,2,-0.38327629435475674,-1.1968648,0.03516202855260761,0.39936410736160255,56,23
left_leg_vas,ZERO_THREE_LEFT,84.5,82.0,87.0,84.5,84.5,1,-0.4272437088492527,-0.88673246,0.037739694844268826,0.39936410736160255,63,23
left_leg_vas,ZERO_TWO_LEFT,76.5,74.0,79.0,76.5,76.5,1,-0.4492036252354357,-1.1603208,0.041388606628829476,0.39936410736160255,56,23
left_leg_vas,ZERO_TWO_LEFT,66.5,64.0,69.0,66.5,66.5,1,-0.35725097184107607,-0.9262802,0.042864186672102386,0.39936410736160255,56,23
left_leg_vas,ZERO_THREE_LEFT,60.5,58.0,63.0,60.5,60.5,1,-0.33878677172160515,-0.9682261,0.04294237713565619,0.39936410736160255,63,23
left_leg_vas,ZERO_TWO_RIGHT,37.5,35.0,40.0,37.5,37.5,1,-0.20988420999395152,-0.6252987,0.044834613494049304,0.41012646442097556,53,22
mpq_sum,ONE_THREE_RIGHT,53.5,51.0,56.0,51.5,57.5,7,-0.29975013540822926,-0.64960086,0.0019634788355788377,0.10517705325028927,73,31
mpq_sum,ZERO_THREE_RIGHT,61.5,59.0,64.0,57.5,98.5,42,-0.3471103988402212,-0.8962192,0.003985052777913818,0.10517705325028927,116,49
mpq_sum,ZERO_TWO_LEFT,92.5,90.0,95.0,89.5,94.5,6,-0.38775468926264123,-0.80014175,0.006853155738982778,0.10517705325028927,79,36
mpq_sum,ZERO_TWO_RIGHT,48.5,46.0,51.0,47.5,51.5,5,-0.3128701399291352,-0.71013105,0.0076549949416299815,0.10517705325028927,73,31
mpq_sum,ZERO_THREE_LEFT,36.5,34.0,39.0,34.5,36.5,3,-0.2972634426847565,-0.8014227,0.00836708885981049,0.10517705325028927,86,36
mpq_sum,ZERO_THREE_RIGHT,32.5,30.0,35.0,30.5,37.5,8,-0.25995174214466277,-0.7546396,0.010196316219610754,0.10734989529326039,116,49
mpq_sum,ZERO_THREE_LEFT,66.5,64.0,69.0,62.5,74.5,13,-0.4303369694973234,-1.0634444,0.01255729584871831,0.11616623150663823,86,36
mpq_sum,ZERO_THREE_LEFT,84.5,82.0,87.0,84.5,84.5,1,-0.4266576027689355,-0.8051859,0.013971210969511734,0.11738500818122503,86,36
mpq_sum,ZERO_TWO_LEFT,85.5,83.0,88.0,84.5,86.5,3,-0.43207850022380095,-0.8174646,0.01510059788303689,0.11738500818122503,79,36
mpq_sum,ONE_THREE_LEFT,54.5,52.0,57.0,53.5,62.5,10,-0.3914965536279202,-0.8853729,0.01669958193598715,0.12097030470465402,90,40
mpq_sum,ZERO_TWO_RIGHT,74.5,72.0,77.0,73.5,77.5,5,-0.2597470345213245,-0.6552242,0.01860202343063715,0.12097030470465402,73,31
mpq_sum,ONE_THREE_LEFT,6.5,4.0,9.0,6.5,17.5,12,-0.45067825316288357,-0.98452526,0.019113114661100838,0.12097030470465402,90,40
mpq_sum,ZERO_THREE_RIGHT,20.5,18.0,23.0,19.5,24.5,6,-0.2549079288781794,-0.64100033,0.019539752812533687,0.12097030470465402,116,49
mpq_sum,ZERO_THREE_LEFT,92.5,90.0,95.0,92.5,92.5,1,-0.3812446611435824,-0.7032592,0.01990196303508509,0.12097030470465402,86,36
mpq_sum,ZERO_TWO_RIGHT,38.5,36.0,41.0,37.5,39.5,3,-0.32586322055934996,-0.7629037,0.020907432033058723,0.1236262219689557,73,31
mpq_sum,ZERO_THREE_RIGHT,47.5,45.0,50.0,42.5,53.5,12,-0.20707114168058308,-0.6447029,0.02226134017662266,0.1236262219689557,116,49
mpq_sum,ZERO_THREE_LEFT,57.5,55.0,60.0,48.5,57.5,10,-0.392328624203552,-1.0236887,0.02657123815587376,0.13126080293569112,86,36
mpq_sum,ZERO_TWO_RIGHT,71.5,69.0,74.0,71.5,71.5,1,-0.2281465475205348,-0.547939,0.02777810521343609,0.13241603949549832,73,31
mpq_sum,ZERO_TWO_RIGHT,35.5,33.0,38.0,35.5,35.5,1,-0.27440987076336043,-0.59447527,0.032131807580463384,0.13898874906898115,73,31
mpq_sum,ZERO_THREE_LEFT,59.5,57.0,62.0,59.5,59.5,1,-0.35187140285302065,-0.7383138,0.03506345972892663,0.1417783371647903,86,36
mpq_sum,ONE_THREE_LEFT,65.5,63.0,68.0,65.5,68.5,4,-0.33273039183025344,-0.76124215,0.03589486266678295,0.14196091071231903,90,40
mpq_sum,ZERO_THREE_RIGHT,55.5,53.0,58.0,55.5,55.5,1,-0.23331808269573087,-0.5555991,0.04110489301445667,0.15113926724106047,116,49
mpq_sum,ZERO_TWO_LEFT,97.5,95.0,100.0,97.5,97.5,1,-0.3277101568850997,-0.64860874,0.04126045343518083,0.15113926724106047,79,36
mpq_sum,ZERO_TWO_RIGHT,53.5,51.0,56.0,53.5,57.5,5,-0.28800916487557976,-0.6100023,0.042022612912503365,0.15121109198512245,73,31
mpq_sum,ZERO_TWO_LEFT,54.5,52.0,57.0,54.5,54.5,1,-0.4309900207383666,-0.7623657,0.04478909561967392,0.15817921111251929,79,36
mpq_sum,ZERO_THREE_LEFT,81.5,79.0,84.0,81.5,81.5,1,-0.40034718105862,-0.6219535,0.0452357533036649,0.15875188895248435,86,36
mpq_sum,ONE_THREE_RIGHT,60.5,58.0,63.0,60.5,60.5,1,-0.18489336819621097,-0.534202,0.04785551113132179,0.16183863764410641,73,31
mpq_sum,ZERO_TWO_RIGHT,59.5,57.0,62.0,59.5,59.5,1,-0.24729794785307044,-0.57211584,0.0482982855268632,0.16193598142237836,73,31
mpq_sum,ONE_THREE_LEFT,47.5,45.0,50.0,44.5,47.5,4,-0.32072318727447635,-0.7860227,0.04870209712638445,0.16193598142237836,90,40
mpq_sum,ONE_THREE_LEFT,36.5,34.0,39.0,36.5,36.5,1,-0.34787765257294706,-0.77637213,0.049348145604025756,0.16197803086497867,90,40
nrs,ONE_THREE_RIGHT,53.5,51.0,56.0,51.5,57.5,7,-0.32435389200734366,-0.6480813,0.0007217943648129901,0.06393149888124476,73,39
nrs,ZERO_THREE_RIGHT,61.5,59.0,64.0,42.5,98.5,57,-0.2850585739383123,-0.8539562,0.003084524134221142,0.06393149888124476,116,52
nrs,ZERO_TWO_LEFT,85.5,83.0,88.0,84.5,94.5,11,-0.44304463423568974,-0.94198114,0.004010040252407825,0.06393149888124476,79,43
nrs,ZERO_THREE_LEFT,84.5,82.0,87.0,81.5,85.5,5,-0.5007662603941588,-1.0352757,0.004269697171063606,0.06439164922847276,86,41
nrs,ZERO_TWO_RIGHT,48.5,46.0,51.0,47.5,57.5,11,-0.27192301791031137,-0.70120937,0.004521608444742742,0.06639625032016973,73,39
nrs,ZERO_THREE_RIGHT,32.5,30.0,35.0,29.5,38.5,10,-0.16117937516142775,-0.72834104,0.005844603173308371,0.07146372210622119,116,52
nrs,ZERO_THREE_LEFT,54.5,52.0,57.0,48.5,75.5,28,-0.5007648002366488,-1.2274072,0.010039752334353114,0.08753409066514121,86,41
nrs,ONE_THREE_RIGHT,44.5,42.0,47.0,40.5,45.5,6,-0.28894750926271784,-0.622923,0.01471332426025931,0.10155225099655672,73,39
nrs,ONE_THREE_LEFT,57.5,55.0,60.0,53.5,61.5,9,-0.43962418407544057,-0.8143646,0.01593828543009169,0.10155225099655672,90,47
nrs,ZERO_THREE_LEFT,23.5,21.0,26.0,21.5,24.5,4,0.273441318910534,0.6494626,0.016057246026505448,0.10155225099655672,86,41
nrs,ZERO_TWO_LEFT,54.5,52.0,57.0,53.5,57.5,5,-0.4683855560394845,-0.8945572,0.016382388521735115,0.10155225099655672,79,43
nrs,ZERO_THREE_LEFT,92.5,90.0,95.0,92.5,92.5,1,-0.4035198705083216,-0.7819662,0.020905229040161257,0.1121645942731729,86,41
nrs,ZERO_THREE_RIGHT,21.5,19.0,24.0,20.5,23.5,4,-0.12725190851133497,-0.5310681,0.034453851122951996,0.1394218731956995,116,52
nrs,ONE_THREE_LEFT,47.5,45.0,50.0,47.5,47.5,1,-0.35224966996999535,-0.72332865,0.037124833930317805,0.1418880639254612,90,47
nrs,ONE_THREE_LEFT,6.5,4.0,9.0,6.5,9.5,4,-0.4390800135519446,-0.899001,0.03828733404102616,0.14435359726278782,90,47
nrs,ZERO_TWO_LEFT,73.5,71.0,76.0,73.5,73.5,1,-0.3949328465766079,-0.8419373,0.04022312175745396,0.14766119697802177,79,43
nrs,ZERO_TWO_RIGHT,35.5,33.0,38.0,35.5,35.5,1,-0.19480379299250739,-0.47719234,0.0411313514315982,0.14903437726514152,73,39
nrs,ZERO_TWO_RIGHT,70.5,68.0,73.0,69.5,71.5,3,-0.22021959892425574,-0.5110547,0.04271415348111682,0.15278524129784093,73,39
nrs,ONE_THREE_RIGHT,38.5,36.0,41.0,38.5,38.5,1,-0.19083148546905054,-0.48116896,0.04757242190383201,0.15895455941519918,73,39
nrs,ONE_THREE_LEFT,36.5,34.0,39.0,36.5,36.5,1,-0.31734452143365083,-0.68619484,0.048463318659391484,0.1596824838583825,90,47
nrs,ZERO_TWO_RIGHT,37.5,35.0,40.0,37.5,37.5,1,-0.2579247629064286,-0.5285026,0.04895141961529663,0.1596824838583825,73,39
nrs,ONE_THREE_LEFT,44.5,42.0,47.0,44.5,44.5,1,-0.3139512151322963,-0.61236924,0.04903026926147355,0.1596824838583825,90,47
nrs,ZERO_TWO_LEFT,48.5,46.0,51.0,48.5,48.5,1,-0.36190105980376097,-0.73162895,0.04999929348762699,0.1612693974918836,79,43
vas,ZERO_THREE_LEFT,70.5,68.0,73.0,59.5,75.5,17,-0.43251018897399257,-1.2544633,0.00017443987292572945,0.03244581636418568,86,34
vas,ONE_THREE_RIGHT,53.5,51.0,56.0,52.5,54.5,3,-0.28746522332613217,-0.59474576,0.003907382609533992,0.13033280003093128,73,28
vas,ZERO_THREE_LEFT,84.5,82.0,87.0,80.5,84.5,5,-0.5299106205590768,-1.0917088,0.005786289951749436,0.13033280003093128,86,34
vas,ZERO_TWO_LEFT,85.5,83.0,88.0,84.5,86.5,3,-0.42727470801310113,-0.9579201,0.006023181227475157,0.13033280003093128,79,32
vas,ZERO_THREE_RIGHT,82.5,80.0,85.0,73.5,98.5,26,-0.2952809504354557,-0.8676503,0.006632959798590045,0.13033280003093128,116,43
vas,ZERO_THREE_RIGHT,61.5,59.0,64.0,50.5,71.5,22,-0.3178691102537372,-0.8223886,0.0069589923596883,0.13033280003093128,116,43
vas,ZERO_THREE_LEFT,24.5,22.0,27.0,22.5,25.5,4,0.33687264033254893,0.7695823,0.007691692975486211,0.13033280003093128,86,34
vas,ZERO_TWO_RIGHT,48.5,46.0,51.0,47.5,51.5,5,-0.24869123938290286,-0.71510226,0.00870513831380295,0.13033280003093128,73,28
vas,ONE_THREE_LEFT,47.5,45.0,50.0,44.5,61.5,18,-0.2918387335034448,-0.89064944,0.014005850184959076,0.13575490710774277,90,36
vas,ZERO_THREE_RIGHT,43.5,41.0,46.0,42.5,47.5,6,-0.15172260035397517,-0.57736397,0.015918628654729566,0.13575490710774277,116,43
vas,ZERO_THREE_RIGHT,32.5,30.0,35.0,31.5,36.5,6,-0.18979693450384663,-0.67598903,0.016543608751481198,0.13575490710774277,116,43
vas,ZERO_TWO_LEFT,94.5,92.0,97.0,88.5,94.5,7,-0.3560058414378402,-0.95047396,0.020926361031074637,0.14885881692537284,79,32
vas,ZERO_TWO_RIGHT,57.5,55.0,60.0,56.5,57.5,2,-0.25385374763087204,-0.5244234,0.024652876562694832,0.1591285167410304,73,28
vas,ZERO_THREE_LEFT,92.5,90.0,95.0,92.5,92.5,1,-0.40300203575192917,-0.7643993,0.024885021205855427,0.1591285167410304,86,34
vas,ONE_THREE_RIGHT,44.5,42.0,47.0,44.5,45.5,2,-0.27316251850585505,-0.59882635,0.026946873799076437,0.1606488834692746,73,28
vas,ZERO_TWO_LEFT,97.5,95.0,100.0,97.5,97.5,1,-0.27265307974336794,-0.7592083,0.029207308169212864,0.16192320882100847,79,32
vas,ZERO_THREE_LEFT,57.5,55.0,60.0,46.5,57.5,12,-0.4420030504016612,-1.3259751,0.03151691158108697,0.16664087645234502,86,34
vas,ZERO_TWO_LEFT,54.5,52.0,57.0,54.5,54.5,1,-0.4550405142906245,-0.8606483,0.033881112235132474,0.17311951412940862,79,32
vas,ONE_THREE_LEFT,36.5,34.0,39.0,36.5,37.5,2,-0.2738714377486942,-0.7859184,0.035585138504310845,0.17328228406969234,90,36
vas,ZERO_THREE_LEFT,34.5,32.0,37.0,34.5,34.5,1,-0.1826703618853364,-0.6240557,0.038079707879307714,0.17328228406969234,86,34
vas,ONE_THREE_RIGHT,38.5,36.0,41.0,38.5,38.5,1,-0.1769624966657103,-0.52123284,0.040985623796324505,0.17591416517657982,73,28
vas,ZERO_TWO_LEFT,57.5,55.0,60.0,57.5,57.5,1,-0.41346966765719145,-0.77611876,0.04271432046493081,0.17591416517657982,79,32
vas,ONE_THREE_LEFT,6.5,4.0,9.0,6.5,10.5,5,-0.39809544643320066,-0.97665626,0.04316109462887166,0.17591416517657982,90,36
vas,ZERO_THREE_RIGHT,20.5,18.0,23.0,20.5,20.5,1,-0.14723754393194785,-0.5221435,0.043389493480822425,0.17591416517657982,116,43
vas,ZERO_THREE_LEFT,44.5,42.0,47.0,44.5,44.5,1,-0.3654927799059948,-0.87019247,0.043660025815313516,0.17591416517657982,86,34
vas,ONE_THREE_RIGHT,56.5,54.0,59.0,56.5,56.5,1,-0.24895820033247434,-0.49627697,0.0457367913942029,0.17600779033079458,73,28
vas,ZERO_THREE_LEFT,78.5,76.0,81.0,78.5,78.5,1,-0.3249898261781756,-0.70761395,0.04904899699140283,0.17928732522814383,86,34
