date_utc,lead,status,right_0_3_bipolar_ohm,right_0_3idx_ohm
1752694856.0,LEAD_B33015,GOOD,1542.0,2630.0
1752712304.0,LEAD_B33015,GOOD,1513.0,2601.0
1753054040.0,LEAD_B33015,GOOD,1760.0,2703.0
1753291107.0,LEAD_B33015,GOOD,2630.0,4737.0
1753388936.0,LEAD_B33015,INVESTIGATE,3051.0,5045.0
1753479682.0,LEAD_B33015,INVESTIGATE,3065.0,4955.0
1753545051.0,LEAD_B33015,INVESTIGATE,3080.0,4857.0
1753625366.0,LEAD_B33015,INVESTIGATE,3385.0,4871.0
1753715323.0,LEAD_B33015,INVESTIGATE,3428.0,4828.0
1753803470.0,LEAD_B33015,INVESTIGATE,3544.0,4871.0
1753809145.0,LEAD_B33015,INVESTIGATE,3588.0,4911.0
1753902519.0,LEAD_B33015,INVESTIGATE,3631.0,4904.0
1753904655.0,LEAD_B33015,INVESTIGATE,3617.0,4882.0
1754408378.0,LEAD_B33015,INVESTIGATE,3718.0,4958.0
1754514528.0,LEAD_B33015,INVESTIGATE,3443.0,4842.0
1754596772.0,LEAD_B33015,INVESTIGATE,2804.0,4393.0
1754666669.0,LEAD_B33015,INVESTIGATE,3747.0,5049.0
1754792651.0,LEAD_B33015,INVESTIGATE,3907.0,5219.0
1754841153.0,LEAD_B33015,INVESTIGATE,3776.0,5121.0
1754966148.0,LEAD_B33015,INVESTIGATE,3834.0,5179.0
1755013372.0,LEAD_B33015,INVESTIGATE,3747.0,4915.0
1755200033.0,LEAD_B33015,INVESTIGATE,3660.0,4839.0
1755295107.0,LEAD_B33015,INVESTIGATE,3776.0,5111.0
1755372894.0,LEAD_B33015,INVESTIGATE,3747.0,4958.0
1755445326.0,LEAD_B33015,INVESTIGATE,3747.0,5038.0
1755446710.0,LEAD_B33015,INVESTIGATE,3718.0,5020.0
1755646479.0,LEAD_B33015,INVESTIGATE,3718.0,4973.0
1755699272.0,LEAD_B33015,INVESTIGATE,3472.0,4868.0
1755709900.0,LEAD_B33015,INVESTIGATE,3530.0,4675.0
1755803109.0,LEAD_B33015,GOOD,2939.0,3732.0
1755892969.0,LEAD_B33015,INVESTIGATE,3530.0,4062.0
1755965630.0,LEAD_B33015,INVESTIGATE,3820.0,4411.0
1756144662.0,LEAD_B33015,INVESTIGATE,3965.0,4494.0
1756233234.0,LEAD_B33015,INVESTIGATE,3341.0,4012.0
1756311572.0,LEAD_B33015,INVESTIGATE,3762.0,4338.0
1756395423.0,LEAD_B33015,INVESTIGATE,3573.0,4860.0
1756482454.0,LEAD_B33015,INVESTIGATE,3936.0,5053.0
1756573422.0,LEAD_B33015,INVESTIGATE,3211.0,4396.0
1756661468.0,LEAD_B33015,INVESTIGATE,3530.0,4661.0
1756741500.0,LEAD_B33015,INVESTIGATE,3747.0,4878.0
1756846538.0,LEAD_B33015,INVESTIGATE,3428.0,4472.0
1756925086.0,LEAD_B33015,INVESTIGATE,3791.0,4781.0
1757011854.0,LEAD_B33015,INVESTIGATE,3544.0,4679.0
1757081707.0,LEAD_B33015,INVESTIGATE,3718.0,4367.0
1757175325.0,LEAD_B33015,INVESTIGATE,3704.0,4186.0
1757282038.0,LEAD_B33015,GOOD,3863.0,4284.0
1757446084.0,LEAD_B33015,INVESTIGATE,3878.0,4338.0
1757525207.0,LEAD_B33015,GOOD,3747.0,4266.0
1757534629.0,LEAD_B33015,INVESTIGATE,3660.0,4621.0
1757637775.0,LEAD_B33015,INVESTIGATE,3167.0,3414.0
1757697301.0,LEAD_B33015,INVESTIGATE,3704.0,3907.0
1757785918.0,LEAD_B33015,INVESTIGATE,3747.0,3994.0
1757875003.0,LEAD_B33015,GOOD,3990.0,4033.0
1757970207.0,LEAD_B33015,GOOD,3907.0,3907.0
1758042602.0,LEAD_B33015,INVESTIGATE,3559.0,3939.0
1758123885.0,LEAD_B33015,INVESTIGATE,3747.0,3888.0
1758215495.0,LEAD_B33015,INVESTIGATE,3863.0,4048.0
1758217289.0,LEAD_B33015,GOOD,3798.0,4044.0
1758415339.0,LEAD_B33015,INVESTIGATE,3936.0,3896.0
1758481753.0,LEAD_B33015,INVESTIGATE,3994.0,3885.0
1758639982.0,LEAD_B33015,INVESTIGATE,3776.0,3805.0
1758737595.0,LEAD_B33015,INVESTIGATE,3972.0,3874.0
1758814637.0,LEAD_B33015,INVESTIGATE,3972.0,3896.0
1758900906.0,LEAD_B33015,INVESTIGATE,4008.0,3834.0
1758988657.0,LEAD_B33015,INVESTIGATE,3791.0,3762.0
1759182178.0,LEAD_B33015,INVESTIGATE,3820.0,4030.0
1759249056.0,LEAD_B33015,INVESTIGATE,3704.0,3979.0
1759338607.0,LEAD_B33015,INVESTIGATE,3907.0,3874.0
1759428570.0,LEAD_B33015,GOOD,3707.0,4037.0
1759699160.0,LEAD_B33015,INVESTIGATE,3986.0,4247.0
1759797934.0,LEAD_B33015,INVESTIGATE,2833.0,3153.0
1759952810.0,LEAD_B33015,INVESTIGATE,3820.0,3834.0
1760057830.0,LEAD_B33015,INVESTIGATE,3646.0,3791.0
1760112502.0,LEAD_B33015,INVESTIGATE,3704.0,3885.0
1760199916.0,LEAD_B33015,INVESTIGATE,3863.0,4030.0
1760314844.0,LEAD_B33015,INVESTIGATE,2877.0,3037.0
1760379131.0,LEAD_B33015,INVESTIGATE,3036.0,3530.0
1760465325.0,LEAD_B33015,GOOD,3801.0,4073.0
1760577044.0,LEAD_B33015,GOOD,3588.0,4592.0
1760630297.0,LEAD_B33015,GOOD,3950.0,4893.0
1760717374.0,LEAD_B33015,GOOD,3675.0,3965.0
1760832754.0,LEAD_B33015,INVESTIGATE,3037.0,4490.0
1760998253.0,LEAD_B33015,INVESTIGATE,3443.0,4592.0
1760999085.0,LEAD_B33015,INVESTIGATE,3443.0,4603.0
1761088117.0,LEAD_B33015,GOOD,3312.0,4342.0
1761246627.0,LEAD_B33015,GOOD,3892.0,5056.0
1761758994.0,LEAD_B33015,GOOD,3298.0,4661.0
1761847820.0,LEAD_B33015,GOOD,3240.0,3896.0
1761957994.0,LEAD_B33015,GOOD,3921.0,4233.0
1762042117.0,LEAD_B33015,GOOD,3950.0,4342.0
1762136219.0,LEAD_B33015,GOOD,3776.0,4276.0
1762193053.0,LEAD_B33015,GOOD,3298.0,3965.0
1762295280.0,LEAD_B33015,GOOD,3834.0,4131.0
1762622493.0,LEAD_B33015,GOOD,3820.0,4363.0
1762639601.0,LEAD_B33015,GOOD,3892.0,4353.0
1762717853.0,LEAD_B33015,GOOD,3689.0,4062.0
1762798949.0,LEAD_B33015,GOOD,3573.0,3899.0
1762908692.0,LEAD_B33015,GOOD,3646.0,4153.0
1762968912.0,LEAD_B33015,GOOD,3791.0,4400.0
1763054001.0,LEAD_B33015,GOOD,3925.0,4244.0
1763225834.0,LEAD_B33015,GOOD,3878.0,3867.0
1763238363.0,LEAD_B33015,GOOD,3928.0,3928.0
1763342173.0,LEAD_B33015,GOOD,3138.0,2906.0
1763402465.0,LEAD_B33015,GOOD,3515.0,3153.0
1763428962.0,LEAD_B33015,GOOD,3704.0,3254.0
1763500000.0,LEAD_B33015,GOOD,4004.0,3588.0
1763515997.0,LEAD_B33015,GOOD,4088.0,3776.0
1763579276.0,LEAD_B33015,GOOD,3791.0,3327.0
1763659865.0,LEAD_B33015,GOOD,3921.0,3631.0
1763763523.0,LEAD_B33015,GOOD,3138.0,2805.0
1763831219.0,LEAD_B33015,GOOD,3501.0,3457.0
1763848028.0,LEAD_B33015,GOOD,3747.0,3689.0
1763861809.0,LEAD_B33015,GOOD,3443.0,3327.0
1763924344.0,LEAD_B33015,GOOD,3805.0,3602.0
1763939991.0,LEAD_B33015,GOOD,3080.0,2790.0
1764002990.0,LEAD_B33015,GOOD,3153.0,3037.0
1764023051.0,LEAD_B33015,GOOD,3370.0,3167.0
1764089956.0,LEAD_B33015,GOOD,3399.0,3283.0
1764124244.0,LEAD_B33015,GOOD,3718.0,3675.0
1764177768.0,LEAD_B33015,GOOD,3689.0,3791.0
1764207005.0,LEAD_B33015,GOOD,3559.0,3501.0
1764268681.0,LEAD_B33015,GOOD,3747.0,3617.0
1764451529.0,LEAD_B33015,GOOD,3588.0,3414.0
1764520897.0,LEAD_B33015,GOOD,3892.0,3631.0
1764542838.0,LEAD_B33015,GOOD,3907.0,3675.0
1764613161.0,LEAD_B33015,GOOD,3747.0,3617.0
1764639245.0,LEAD_B33015,GOOD,3675.0,3602.0
1764697775.0,LEAD_B33015,GOOD,3972.0,3791.0
1764789006.0,LEAD_B33015,GOOD,3327.0,3080.0
1764793225.0,LEAD_B33015,GOOD,3385.0,3153.0
1764870500.0,LEAD_B33015,GOOD,3211.0,3167.0
1764894971.0,LEAD_B33015,GOOD,3254.0,3283.0
1764948711.0,LEAD_B33015,GOOD,3370.0,3240.0
1764969043.0,LEAD_B33015,GOOD,3588.0,3341.0
1765057604.0,LEAD_B33015,INVESTIGATE,3515.0,3341.0
1765072645.0,LEAD_B33015,INVESTIGATE,3544.0,3414.0
1765124028.0,LEAD_B33015,GOOD,3530.0,3399.0
1765160373.0,LEAD_B33015,INVESTIGATE,3051.0,2979.0
1765325026.0,LEAD_B33015,GOOD,3080.0,3240.0
1765388900.0,LEAD_B33015,GOOD,3298.0,3269.0
1765420448.0,LEAD_B33015,GOOD,3022.0,3240.0
1765466842.0,LEAD_B33015,GOOD,3457.0,3501.0
1765505649.0,LEAD_B33015,INVESTIGATE,3791.0,3689.0
1765558596.0,LEAD_B33015,INVESTIGATE,3805.0,3921.0
1765589016.0,LEAD_B33015,INVESTIGATE,3834.0,3994.0
1765640421.0,LEAD_B33015,INVESTIGATE,3762.0,4059.0
1765658524.0,LEAD_B33015,INVESTIGATE,3820.0,4033.0
1765761690.0,LEAD_B33015,INVESTIGATE,3936.0,3990.0
1766003127.0,LEAD_B33015,GOOD,4120.0,3899.0
1766095970.0,LEAD_B33015,INVESTIGATE,4004.0,4008.0
1766109592.0,LEAD_B33015,INVESTIGATE,3979.0,3943.0
1766168645.0,LEAD_B33015,INVESTIGATE,3689.0,3936.0
1766189092.0,LEAD_B33015,INVESTIGATE,3820.0,3921.0
1766195814.0,LEAD_B33015,INVESTIGATE,3878.0,3834.0
1766251492.0,LEAD_B33015,INVESTIGATE,3486.0,3965.0
1766270571.0,LEAD_B33015,GOOD,3037.0,3530.0
1766281737.0,LEAD_B33015,INVESTIGATE,3385.0,3776.0
1766333256.0,LEAD_B33015,GOOD,2717.0,3124.0
1766421762.0,LEAD_B33015,GOOD,3240.0,3907.0
1766455553.0,LEAD_B33015,INVESTIGATE,3530.0,3975.0
1766505810.0,LEAD_B33015,INVESTIGATE,3747.0,3990.0
1766540569.0,LEAD_B33015,INVESTIGATE,3733.0,4124.0
1766593474.0,LEAD_B33015,INVESTIGATE,3936.0,4440.0
1766619184.0,LEAD_B33015,INVESTIGATE,3994.0,4516.0
1766680040.0,LEAD_B33015,INVESTIGATE,4059.0,4545.0
1766704052.0,LEAD_B33015,GOOD,4128.0,4570.0
1766766184.0,LEAD_B33015,INVESTIGATE,3747.0,4541.0
1766791576.0,LEAD_B33015,INVESTIGATE,3820.0,4505.0
1766854616.0,LEAD_B33015,GOOD,3515.0,4316.0
1766884582.0,LEAD_B33015,GOOD,3675.0,4374.0
1766946733.0,LEAD_B33015,GOOD,3805.0,4487.0
1766972910.0,LEAD_B33015,GOOD,3943.0,4621.0
1767118758.0,LEAD_B33015,INVESTIGATE,3312.0,4327.0
1767146053.0,LEAD_B33015,INVESTIGATE,3327.0,4247.0
1767197980.0,LEAD_B33015,GOOD,3327.0,3994.0
1767233555.0,LEAD_B33015,GOOD,2732.0,3399.0
1767289745.0,LEAD_B33015,GOOD,3109.0,3892.0
1767317991.0,LEAD_B33015,GOOD,3370.0,4070.0
1767375429.0,LEAD_B33015,GOOD,3718.0,4483.0
1767391388.0,LEAD_B33015,GOOD,3820.0,4545.0
1767463757.0,LEAD_B33015,GOOD,3932.0,4795.0
1767491968.0,LEAD_B33015,GOOD,3240.0,4099.0
1767562282.0,LEAD_B33015,GOOD,3892.0,4664.0
1767630030.0,LEAD_B33015,GOOD,3472.0,4697.0
1767640219.0,LEAD_B33015,GOOD,3501.0,4708.0
1767642534.0,LEAD_B33015,GOOD,3515.0,4835.0
1767667532.0,LEAD_B33015,GOOD,3675.0,4962.0
1767721922.0,LEAD_B33015,GOOD,3675.0,5016.0
1767752585.0,LEAD_B33015,INVESTIGATE,3631.0,4835.0
1767816974.0,LEAD_B33015,GOOD,3660.0,4454.0
1767924046.0,LEAD_B33015,INVESTIGATE,3907.0,4657.0
1767982392.0,LEAD_B33015,GOOD,3385.0,4458.0
1768008041.0,LEAD_B33015,GOOD,3182.0,4001.0
1768150996.0,LEAD_B33015,INVESTIGATE,3994.0,4723.0
1768241155.0,LEAD_B33015,INVESTIGATE,4229.0,4969.0
1768270182.0,LEAD_B33015,GOOD,4081.0,4936.0
1768329400.0,LEAD_B33015,INVESTIGATE,4070.0,4994.0
1768355523.0,LEAD_B33015,INVESTIGATE,4160.0,5063.0
1768411121.0,LEAD_B33015,INVESTIGATE,4193.0,5042.0
1768445152.0,LEAD_B33015,INVESTIGATE,4124.0,4650.0
1768500068.0,LEAD_B33015,INVESTIGATE,4052.0,4701.0
1768524832.0,LEAD_B33015,INVESTIGATE,3997.0,4737.0
1768585882.0,LEAD_B33015,GOOD,3428.0,4501.0
1768673011.0,LEAD_B33015,INVESTIGATE,3312.0,4233.0
1768687993.0,LEAD_B33015,INVESTIGATE,3472.0,4327.0
1768700449.0,LEAD_B33015,GOOD,3559.0,4414.0
1768756299.0,LEAD_B33015,GOOD,3443.0,4338.0
1768781040.0,LEAD_B33015,INVESTIGATE,3646.0,4516.0
1768841485.0,LEAD_B33015,INVESTIGATE,3718.0,4610.0
1768873509.0,LEAD_B33015,GOOD,3979.0,4828.0
1768932248.0,LEAD_B33015,INVESTIGATE,3617.0,4505.0
1769015102.0,LEAD_B33015,INVESTIGATE,3863.0,4628.0
1769031904.0,LEAD_B33015,INVESTIGATE,3943.0,4788.0
1769103136.0,LEAD_B33015,INVESTIGATE,3733.0,4545.0
1769132519.0,LEAD_B33015,INVESTIGATE,3211.0,4186.0
1769188163.0,LEAD_B33015,INVESTIGATE,3559.0,4548.0
1769215820.0,LEAD_B33015,INVESTIGATE,3820.0,4603.0
1769220494.0,LEAD_B33015,INVESTIGATE,3820.0,4632.0
1769363587.0,LEAD_B33015,INVESTIGATE,4150.0,5082.0
1769376015.0,LEAD_B33015,INVESTIGATE,4298.0,5089.0
1769462337.0,LEAD_B33015,INVESTIGATE,4037.0,5201.0
1769477505.0,LEAD_B33015,INVESTIGATE,3936.0,5190.0
1769621909.0,LEAD_B33015,INVESTIGATE,3617.0,4715.0
1769637779.0,LEAD_B33015,INVESTIGATE,3834.0,4795.0
1769651770.0,LEAD_B33015,INVESTIGATE,3917.0,4842.0
1769706710.0,LEAD_B33015,GOOD,3921.0,4976.0
1769723041.0,LEAD_B33015,INVESTIGATE,3965.0,4998.0
1769795772.0,LEAD_B33015,INVESTIGATE,3961.0,5078.0
1769812484.0,LEAD_B33015,INVESTIGATE,4033.0,5067.0
1769996375.0,LEAD_B33015,INVESTIGATE,3957.0,5190.0
1770057411.0,LEAD_B33015,INVESTIGATE,4041.0,5013.0
1770082650.0,LEAD_B33015,INVESTIGATE,3983.0,5140.0
1770141787.0,LEAD_B33015,INVESTIGATE,2863.0,4117.0
1770149420.0,LEAD_B33015,GOOD,2938.0,4095.0
1770227896.0,LEAD_B33015,INVESTIGATE,3153.0,3954.0
1770248150.0,LEAD_B33015,INVESTIGATE,3341.0,4015.0
1770255630.0,LEAD_B33015,INVESTIGATE,3472.0,4124.0
1770312571.0,LEAD_B33015,INVESTIGATE,3950.0,4610.0
1770327900.0,LEAD_B33015,INVESTIGATE,3994.0,4621.0
1770343282.0,LEAD_B33015,INVESTIGATE,3986.0,4661.0
1770400103.0,LEAD_B33015,INVESTIGATE,4084.0,4871.0
1770414426.0,LEAD_B33015,INVESTIGATE,4146.0,4973.0
1770429227.0,LEAD_B33015,INVESTIGATE,4215.0,5092.0
1770487908.0,LEAD_B33015,INVESTIGATE,4012.0,5212.0
1770501690.0,LEAD_B33015,INVESTIGATE,4070.0,5270.0
1770572895.0,LEAD_B33015,INVESTIGATE,3903.0,4980.0
1770584432.0,LEAD_B33015,INVESTIGATE,4037.0,5063.0
1770602125.0,LEAD_B33015,INVESTIGATE,4092.0,5136.0
1770660390.0,LEAD_B33015,INVESTIGATE,4204.0,4625.0
1770673510.0,LEAD_B33015,INVESTIGATE,4182.0,4766.0
1770689836.0,LEAD_B33015,INVESTIGATE,4142.0,4915.0
1770749105.0,LEAD_B33015,INVESTIGATE,4073.0,5009.0
1770761837.0,LEAD_B33015,INVESTIGATE,4084.0,5103.0
1770832525.0,LEAD_B33015,INVESTIGATE,3298.0,4480.0
1770847633.0,LEAD_B33015,INVESTIGATE,3254.0,4494.0
1770921511.0,LEAD_B33015,INVESTIGATE,3849.0,4748.0
1770932747.0,LEAD_B33015,INVESTIGATE,3950.0,4878.0
1771007376.0,LEAD_B33015,INVESTIGATE,3689.0,4019.0
1771027960.0,LEAD_B33015,INVESTIGATE,3791.0,4440.0
1771034274.0,LEAD_B33015,INVESTIGATE,3805.0,4490.0
1771091783.0,LEAD_B33015,INVESTIGATE,3776.0,4545.0
1771107798.0,LEAD_B33015,INVESTIGATE,3965.0,4490.0
1771121003.0,LEAD_B33015,INVESTIGATE,3733.0,4338.0
1771186162.0,LEAD_B33015,INVESTIGATE,3892.0,4461.0
1771201224.0,LEAD_B33015,INVESTIGATE,3994.0,4741.0
1771267536.0,LEAD_B33015,INVESTIGATE,4164.0,4900.0
1771278054.0,LEAD_B33015,INVESTIGATE,4200.0,4969.0
1771347400.0,LEAD_B33015,INVESTIGATE,4179.0,4842.0
1771373175.0,LEAD_B33015,INVESTIGATE,4208.0,5038.0
1771380283.0,LEAD_B33015,INVESTIGATE,3631.0,4418.0
1771528760.0,LEAD_B33015,GOOD,4316.0,5158.0
1771533686.0,LEAD_B33015,INVESTIGATE,4320.0,5129.0
1771551140.0,LEAD_B33015,GOOD,4084.0,4715.0
1771612286.0,LEAD_B33015,GOOD,3950.0,4882.0
1771626802.0,LEAD_B33015,GOOD,4041.0,5121.0
1771697140.0,LEAD_B33015,GOOD,4175.0,4962.0
1771708989.0,LEAD_B33015,GOOD,4273.0,5060.0
1771725931.0,LEAD_B33015,GOOD,4197.0,5049.0
1771780037.0,LEAD_B33015,GOOD,4251.0,5107.0
1771808553.0,LEAD_B33015,GOOD,4342.0,5205.0
1771870352.0,LEAD_B33015,GOOD,3617.0,3983.0
1771884357.0,LEAD_B33015,GOOD,3689.0,3914.0
1771896275.0,LEAD_B33015,GOOD,3791.0,4113.0
1771977636.0,LEAD_B33015,GOOD,3037.0,4298.0
1772054879.0,LEAD_B33015,GOOD,3443.0,4704.0
1772069054.0,LEAD_B33015,GOOD,3704.0,4813.0
1772127296.0,LEAD_B33015,GOOD,3573.0,4639.0
1772162367.0,LEAD_B33015,GOOD,3979.0,4342.0
1772224354.0,LEAD_B33015,GOOD,4106.0,5009.0
1772229941.0,LEAD_B33015,GOOD,4189.0,5085.0
1772242959.0,LEAD_B33015,GOOD,4244.0,5219.0
1772304538.0,LEAD_B33015,GOOD,4160.0,5114.0
1772316887.0,LEAD_B33015,GOOD,4157.0,5071.0
1772381427.0,LEAD_B33015,GOOD,4320.0,5161.0
1772414854.0,LEAD_B33015,GOOD,4247.0,5114.0
1772468668.0,LEAD_B33015,GOOD,4382.0,4806.0
1772487304.0,LEAD_B33015,GOOD,4168.0,4480.0
1772558001.0,LEAD_B33015,GOOD,3921.0,4766.0
1772584754.0,LEAD_B33015,GOOD,3994.0,4799.0
1772645622.0,LEAD_B33015,GOOD,4044.0,4966.0
1772654344.0,LEAD_B33015,GOOD,4117.0,4998.0
1772676341.0,LEAD_B33015,INVESTIGATE,4287.0,4998.0
1772726622.0,LEAD_B33015,GOOD,4135.0,4947.0
1772747403.0,LEAD_B33015,INVESTIGATE,4266.0,4944.0
1772762547.0,LEAD_B33015,INVESTIGATE,4316.0,5183.0
1772820277.0,LEAD_B33015,INVESTIGATE,3501.0,4407.0
1772834255.0,LEAD_B33015,INVESTIGATE,3443.0,4255.0
1772846449.0,LEAD_B33015,INVESTIGATE,3675.0,4280.0
1772908990.0,LEAD_B33015,GOOD,3936.0,4552.0
1772926668.0,LEAD_B33015,INVESTIGATE,3921.0,4679.0
1772934588.0,LEAD_B33015,INVESTIGATE,3983.0,4791.0
1772995209.0,LEAD_B33015,INVESTIGATE,3443.0,4864.0
1773004375.0,LEAD_B33015,INVESTIGATE,3399.0,4701.0
1773018599.0,LEAD_B33015,INVESTIGATE,3530.0,4900.0
1773077788.0,LEAD_B33015,INVESTIGATE,3805.0,4973.0
1773091403.0,LEAD_B33015,INVESTIGATE,3776.0,4509.0
1773101826.0,LEAD_B33015,INVESTIGATE,3910.0,4527.0
1773159582.0,LEAD_B33015,INVESTIGATE,4316.0,5049.0
1773186192.0,LEAD_B33015,INVESTIGATE,4349.0,5169.0
1773342737.0,LEAD_B33015,INVESTIGATE,3037.0,3907.0
1773364042.0,LEAD_B33015,INVESTIGATE,3428.0,4226.0
1773418467.0,LEAD_B33015,GOOD,3936.0,4762.0
1773444875.0,LEAD_B33015,GOOD,4179.0,5020.0
1773512436.0,LEAD_B33015,INVESTIGATE,4092.0,5219.0
1773522587.0,LEAD_B33015,INVESTIGATE,4157.0,5216.0
1773590633.0,LEAD_B33015,INVESTIGATE,4168.0,5103.0
1773680819.0,LEAD_B33015,INVESTIGATE,4451.0,5103.0
1773692945.0,LEAD_B33015,INVESTIGATE,4382.0,5060.0
1773708886.0,LEAD_B33015,INVESTIGATE,4393.0,5179.0
1773774897.0,LEAD_B33015,INVESTIGATE,4498.0,5074.0
1773787247.0,LEAD_B33015,INVESTIGATE,4530.0,5296.0
1773846540.0,LEAD_B33015,INVESTIGATE,4501.0,5321.0
1773863522.0,LEAD_B33015,INVESTIGATE,4461.0,5266.0
1773943779.0,LEAD_B33015,GOOD,3544.0,4668.0
1773967176.0,LEAD_B33015,GOOD,3689.0,4871.0
1774041745.0,LEAD_B33015,GOOD,4284.0,5328.0
1774052803.0,LEAD_B33015,INVESTIGATE,4374.0,5303.0
1774114986.0,LEAD_B33015,INVESTIGATE,4465.0,5223.0
1774124416.0,LEAD_B33015,INVESTIGATE,4429.0,5270.0
1774201353.0,LEAD_B33015,INVESTIGATE,4218.0,4944.0
1774213889.0,LEAD_B33015,INVESTIGATE,4374.0,5096.0
1774226755.0,LEAD_B33015,INVESTIGATE,4411.0,5179.0
1774285819.0,LEAD_B33015,INVESTIGATE,4425.0,5415.0
1774299100.0,LEAD_B33015,INVESTIGATE,4418.0,5183.0
1774308872.0,LEAD_B33015,INVESTIGATE,4458.0,5422.0
1774371034.0,LEAD_B33015,GOOD,3986.0,4940.0
1774394355.0,LEAD_B33015,GOOD,4088.0,4875.0
1774465401.0,LEAD_B33015,INVESTIGATE,3961.0,4773.0
1774477505.0,LEAD_B33015,INVESTIGATE,3950.0,4625.0
1774544893.0,LEAD_B33015,GOOD,3892.0,4621.0
1774555892.0,LEAD_B33015,INVESTIGATE,3892.0,4643.0
1774577416.0,LEAD_B33015,INVESTIGATE,3972.0,4828.0
1774643004.0,LEAD_B33015,INVESTIGATE,3196.0,4592.0
1774653729.0,LEAD_B33015,INVESTIGATE,3443.0,4744.0
1774664576.0,LEAD_B33015,INVESTIGATE,3544.0,4628.0
1774715106.0,LEAD_B33015,INVESTIGATE,3675.0,4356.0
1774735290.0,LEAD_B33015,INVESTIGATE,3660.0,3983.0
1774808358.0,LEAD_B33015,INVESTIGATE,4092.0,4371.0
1774822861.0,LEAD_B33015,INVESTIGATE,4240.0,4414.0
1774885726.0,LEAD_B33015,INVESTIGATE,4160.0,4320.0
1774904566.0,LEAD_B33015,INVESTIGATE,4331.0,4284.0
1774918005.0,LEAD_B33015,INVESTIGATE,4099.0,4015.0
1774988665.0,LEAD_B33015,GOOD,4099.0,4276.0
1774990665.0,LEAD_B33015,INVESTIGATE,4081.0,4396.0
1775057224.0,LEAD_B33015,INVESTIGATE,4313.0,4501.0
1775083970.0,LEAD_B33015,INVESTIGATE,4334.0,4258.0
1775142991.0,LEAD_B33015,INVESTIGATE,4193.0,4447.0
1775162089.0,LEAD_B33015,INVESTIGATE,4276.0,4302.0
1775229542.0,LEAD_B33015,INVESTIGATE,4490.0,5005.0
1775252894.0,LEAD_B33015,INVESTIGATE,4530.0,5074.0
1775269509.0,LEAD_B33015,INVESTIGATE,4639.0,5205.0
1775321995.0,LEAD_B33015,INVESTIGATE,4603.0,5277.0
1775355443.0,LEAD_B33015,INVESTIGATE,4704.0,5281.0
1775402449.0,LEAD_B33015,INVESTIGATE,4316.0,4878.0
1775421217.0,LEAD_B33015,INVESTIGATE,4393.0,4878.0
1775488780.0,LEAD_B33015,INVESTIGATE,4316.0,5009.0
1775509234.0,LEAD_B33015,INVESTIGATE,4422.0,5031.0
1775571309.0,LEAD_B33015,GOOD,4603.0,5024.0
1775603131.0,LEAD_B33015,INVESTIGATE,4349.0,4755.0
1775617039.0,LEAD_B33015,INVESTIGATE,4545.0,4813.0
1775664825.0,LEAD_B33015,INVESTIGATE,3950.0,4378.0
1775691749.0,LEAD_B33015,INVESTIGATE,4099.0,4494.0
1775757716.0,LEAD_B33015,INVESTIGATE,4233.0,4606.0
1775763339.0,LEAD_B33015,INVESTIGATE,4440.0,4766.0
1775783425.0,LEAD_B33015,INVESTIGATE,4610.0,4871.0
1775839608.0,LEAD_B33015,INVESTIGATE,4331.0,4657.0
1775854637.0,LEAD_B33015,INVESTIGATE,4527.0,4708.0
1775867522.0,LEAD_B33015,INVESTIGATE,4447.0,4694.0
1775926174.0,LEAD_B33015,INVESTIGATE,4400.0,4980.0
1775940400.0,LEAD_B33015,INVESTIGATE,4538.0,4882.0
1776021748.0,LEAD_B33015,INVESTIGATE,3776.0,3856.0
1776045624.0,LEAD_B33015,INVESTIGATE,3986.0,4066.0
1776094717.0,LEAD_B33015,INVESTIGATE,3914.0,3928.0
1776117785.0,LEAD_B33015,INVESTIGATE,4124.0,3961.0
1776132857.0,LEAD_B33015,GOOD,4044.0,3928.0
1776180422.0,LEAD_B33015,GOOD,3704.0,3888.0
1776206111.0,LEAD_B33015,GOOD,3631.0,3950.0
1776282857.0,LEAD_B33015,INVESTIGATE,3943.0,3980.0
1776299378.0,LEAD_B33015,INVESTIGATE,4052.0,4033.0
1776363283.0,LEAD_B33015,GOOD,2326.0,2964.0
1776443423.0,LEAD_B33015,INVESTIGATE,2790.0,3602.0
1776468264.0,LEAD_B33015,INVESTIGATE,3225.0,3791.0
1776475792.0,LEAD_B33015,INVESTIGATE,3298.0,3907.0
1776524786.0,LEAD_B33015,INVESTIGATE,3704.0,4266.0
1776545743.0,LEAD_B33015,INVESTIGATE,3921.0,4099.0
1776610980.0,LEAD_B33015,INVESTIGATE,4073.0,4527.0
1776700101.0,LEAD_B33015,INVESTIGATE,4262.0,4519.0
1776802299.0,LEAD_B33015,INVESTIGATE,4291.0,4523.0
1776874952.0,LEAD_B33015,INVESTIGATE,4378.0,4606.0
1776963109.0,LEAD_B33015,INVESTIGATE,4353.0,4639.0
1776989302.0,LEAD_B33015,INVESTIGATE,4461.0,4483.0
1777054443.0,LEAD_B33015,INVESTIGATE,4273.0,4447.0
1777074172.0,LEAD_B33015,INVESTIGATE,4414.0,4218.0
1777147099.0,LEAD_B33015,INVESTIGATE,4490.0,4603.0
1777222521.0,LEAD_B33015,INVESTIGATE,4552.0,4958.0
1777303596.0,LEAD_B33015,INVESTIGATE,4567.0,5285.0
1777396585.0,LEAD_B33015,INVESTIGATE,4606.0,5386.0
1777410414.0,LEAD_B33015,GOOD,4581.0,5194.0
1777413528.0,LEAD_B33015,INVESTIGATE,4614.0,5477.0
1777478779.0,LEAD_B33015,INVESTIGATE,4712.0,5252.0
1777562234.0,LEAD_B33015,INVESTIGATE,4643.0,4984.0
1777734049.0,LEAD_B33015,INVESTIGATE,3863.0,4436.0
1778013311.0,LEAD_B33015,INVESTIGATE,4646.0,5553.0
1778266045.0,LEAD_B33015,INVESTIGATE,3994.0,5009.0
1778357921.0,LEAD_B33015,INVESTIGATE,4258.0,5237.0
1778456827.0,LEAD_B33015,INVESTIGATE,4378.0,5053.0
1778533689.0,LEAD_B33015,INVESTIGATE,4077.0,4984.0
1778615317.0,LEAD_B33015,GOOD,3820.0,4218.0
1778698382.0,LEAD_B33015,INVESTIGATE,3939.0,4795.0
1778783782.0,LEAD_B33015,GOOD,3685.0,5020.0
1778809073.0,LEAD_B33015,INVESTIGATE,3733.0,4748.0
1778869173.0,LEAD_B33015,INVESTIGATE,4030.0,4788.0
1778879297.0,LEAD_B33015,INVESTIGATE,4146.0,4828.0
1778893912.0,LEAD_B33015,INVESTIGATE,4157.0,4813.0
1778950529.0,LEAD_B33015,INVESTIGATE,3878.0,4465.0
1778978918.0,LEAD_B33015,INVESTIGATE,4106.0,4556.0
1779038181.0,LEAD_B33015,INVESTIGATE,4378.0,4664.0
1779212052.0,LEAD_B33015,INVESTIGATE,4269.0,4694.0
1779238691.0,LEAD_B33015,INVESTIGATE,4465.0,4704.0
1779318369.0,LEAD_B33015,INVESTIGATE,4316.0,4853.0
1779322121.0,LEAD_B33015,INVESTIGATE,4327.0,5082.0
1779388051.0,LEAD_B33015,INVESTIGATE,3892.0,4026.0
1779398249.0,LEAD_B33015,INVESTIGATE,3950.0,4073.0
1779412796.0,LEAD_B33015,INVESTIGATE,3849.0,4044.0
1779469962.0,LEAD_B33015,INVESTIGATE,3791.0,4139.0
1779481292.0,LEAD_B33015,INVESTIGATE,3907.0,4255.0
1779640217.0,LEAD_B33015,GOOD,4382.0,4440.0
1779837699.0,LEAD_B33015,INVESTIGATE,4512.0,4422.0
1779981384.0,LEAD_B33015,GOOD,4099.0,4853.0
1780000339.0,LEAD_B33015,GOOD,3994.0,4487.0
1780015614.0,LEAD_B33015,GOOD,4066.0,4664.0
1780086836.0,LEAD_B33015,GOOD,3921.0,4023.0
1780170088.0,LEAD_B33015,GOOD,3925.0,4084.0
1780242214.0,LEAD_B33015,GOOD,4240.0,4345.0
1780328212.0,LEAD_B33015,GOOD,4407.0,4672.0
1780362920.0,LEAD_B33015,GOOD,4255.0,4469.0
1780409819.0,LEAD_B33015,GOOD,4305.0,4625.0
1780497456.0,LEAD_B33015,GOOD,4084.0,4675.0
1780531783.0,LEAD_B33015,GOOD,4030.0,4233.0
1780593048.0,LEAD_B33015,GOOD,4316.0,4556.0
1780609123.0,LEAD_B33015,GOOD,3907.0,3914.0
1780765098.0,LEAD_B33015,GOOD,4592.0,4788.0
1780848980.0,LEAD_B33015,GOOD,4454.0,4944.0
1780944075.0,LEAD_B33015,GOOD,4229.0,4737.0
1780972748.0,LEAD_B33015,GOOD,4287.0,4639.0
1781024811.0,LEAD_B33015,GOOD,4393.0,4773.0
1781038964.0,LEAD_B33015,GOOD,4472.0,4784.0
1781116075.0,LEAD_B33015,GOOD,3791.0,3946.0
1781144402.0,LEAD_B33015,GOOD,3994.0,3910.0
1781219457.0,LEAD_B33015,INVESTIGATE,3834.0,3849.0
1781286230.0,LEAD_B33015,INVESTIGATE,4411.0,4523.0
1781300288.0,LEAD_B33015,INVESTIGATE,4255.0,4389.0
1781311742.0,LEAD_B33015,INVESTIGATE,4494.0,4501.0
1781398118.0,LEAD_B33015,INVESTIGATE,4527.0,4632.0
1781462340.0,LEAD_B33015,INVESTIGATE,4556.0,4773.0
1781543028.0,LEAD_B33015,INVESTIGATE,3892.0,4030.0
1781644628.0,LEAD_B33015,INVESTIGATE,4389.0,4646.0
1781705272.0,LEAD_B33015,INVESTIGATE,4440.0,4708.0
1781797905.0,LEAD_B33015,GOOD,4490.0,4516.0
1781974726.0,LEAD_B33015,INVESTIGATE,4066.0,4567.0
1782090101.0,LEAD_B33015,GOOD,3675.0,3852.0
1782147154.0,LEAD_B33015,GOOD,3957.0,4160.0
1782150130.0,LEAD_B33015,GOOD,4066.0,4273.0
1782153217.0,LEAD_B33015,GOOD,4019.0,4211.0
1782154640.0,LEAD_B33015,GOOD,3965.0,4218.0
1782332356.0,LEAD_B33015,INVESTIGATE,4443.0,4407.0
1782339753.0,LEAD_B33015,INVESTIGATE,4465.0,4392.0
