model,variant,source,seeds,expected_drop,expected_drop_sd,rho_dist_change,rho_dist_change_sd,p_shift_median,rho_adv,p_adv_shift_median,rho_dist_level,no_visit_drop,washin24_drop,model_gain,risk,share_ge_4mA,share_past_limit,heldout_action_diff,heldout_td_error,heldout_initial_state_value,safe
GP bandit,delta,small / reference,1,0.485773306807863,,0.20800512560117343,,0.09615384615384616,0.005336179300486628,0.5,-0.18183370893583697,-0.12470908656672419,0.4907210463701289,0.4764888094324904,0.0,0.0,0.0,,,,True
QTable-AC (explore),delta,small / reference,1,0.32311887510447157,,0.16422502851858325,,0.11538461538461539,-0.0008703741227387761,0.5,0.12826209639565814,0.6882979681069956,0.019942125533410154,0.09419563815387486,0.0,0.0,0.0,,,,True
QTable-AC (explore),level,small / reference,1,0.32311887510447157,,0.16422502851858325,,0.11538461538461539,-0.0013823589008204091,0.4423076923076923,0.12826209639565814,0.6882979681069956,0.019942125533410154,0.30256992335588645,0.0,0.0,0.0,,,,True
QTable-AC (explore),worst_site,small / reference,1,0.32311887510447157,,0.16422502851858325,,0.11538461538461539,0.012953214885465317,0.4230769230769231,0.12826209639565814,0.6882979681069956,0.019942125533410154,0.24285478694202756,0.0,0.0,0.0,,,,True
"Most common setting (55.0, 0.0, 0.0, 60.0, 160.0)",delta,small / reference,1,0.16154460367883594,,0.1295007246991793,,0.09615384615384616,,,0.1464571190611761,0.567915196942975,-0.020672586400746096,,0.0,0.0,0.0,,,,True
"Most common setting (55.0, 0.0, 0.0, 60.0, 160.0)",level,small / reference,1,0.16154460367883594,,0.1295007246991793,,0.09615384615384616,,,0.1464571190611761,0.567915196942975,-0.020672586400746096,,0.0,0.0,0.0,,,,True
"Most common setting (55.0, 0.0, 0.0, 60.0, 160.0)",worst_site,small / reference,1,0.16154460367883594,,0.1295007246991793,,0.09615384615384616,,,0.1464571190611761,0.567915196942975,-0.020672586400746096,,0.0,0.0,0.0,,,,True
IQL,level,d3rlpy (mps),3,0.09702006687257288,0.13594144290762022,0.05122513446597796,0.0337920917816611,0.34615384615384615,0.24101829403602804,0.057692307692307696,0.40948803323942046,0.16293577307466245,-0.06403173513351419,-0.028858793672561684,0.009868084620206784,0.038461538461538464,0.0,0.3625200674309754,2.271501158093102,1.7536773482958476,True
GP bandit,level,small / reference,1,0.07219859339951007,,0.055708522776344756,,0.3269230769230769,-0.008324262024051515,0.4807692307692308,0.2192055666333566,0.0654197285910253,-0.18854596841757545,1.9198791938704014,2.292486337515024e-09,0.019230769230769232,0.0,,,,True
AgentDB pick: actor critic,worst_site,agentdb arm,3,0.0316254992450476,0.0472864341447224,0.0059193488716241215,0.023565005352572332,0.5576923076923077,0.02852948086140837,0.5769230769230769,0.3394234326531773,0.023544473430662016,0.07857669764162536,-0.9234397394246813,0.0009373258321713178,0.006410256410256411,0.0,,,,True
QTable bandit (gamma 0),level,small / reference,1,0.02332385095927636,,0.020450858465766344,,0.4807692307692308,0.0012799619452040826,0.4230769230769231,0.305994368735172,0.12080497991377692,-0.3360908993974985,0.3082563124667033,0.0,0.0,0.0,,,,True
QTable bandit (gamma 0),worst_site,small / reference,1,0.02332385095927636,,0.020450858465766344,,0.4807692307692308,0.007935764060265312,0.4230769230769231,0.305994368735172,0.12080497991377692,-0.3360908993974985,0.3045351843503122,0.0,0.0,0.0,,,,True
AgentDB pick: sarsa,delta,agentdb arm,3,-0.008622346753941404,0.11035517612264395,-0.021860687287217656,0.048243594513955226,0.6346153846153846,-0.026228684910625036,0.6538461538461539,0.0799642680261957,0.5990117435005553,-0.4676901197004438,1.3916221119522645,0.0,0.0,0.0,,,,True
TD3+BC,delta,d3rlpy (mps),3,-0.0383721765082446,0.3033364403793046,0.00463872050997467,0.09937273895432772,0.6730769230769231,0.03820622826423645,0.4807692307692308,-0.12043598281112154,0.10000135745313266,-0.1488135070859469,0.9003585606883825,0.03411496067658449,0.07692307692307693,0.0,3.6377561519322383,0.6956768447598672,2.3959583282470702,True
IQL,worst_site,d3rlpy (mps),3,-0.045122268173735935,0.15070666923842563,-0.010301943709268901,0.05094335640275161,0.5961538461538461,0.08550349863554886,0.38461538461538464,0.37513873473917864,0.007405876445228832,0.0428092200714115,-0.11757235547047395,0.014401075167533679,0.038461538461538464,0.0,0.37358386785014036,2.2788459148270257,1.5858524759610493,True
IQL,delta,d3rlpy (mps),3,-0.05473595911955501,0.1061904702543357,0.004866387774267907,0.04495238642841935,0.46153846153846156,0.08295728476900562,0.23076923076923078,0.3436637354506389,0.116653408534196,-0.03797971650070411,0.10849705969164004,0.01637151111394931,0.038461538461538464,0.0,0.3457778669954666,0.5455802818083798,0.8723014096419016,True
Clinician mode (table),delta,small / reference,1,-0.057413958493054446,,0.04651163453553357,,0.40384615384615385,0.007628573193416332,0.5384615384615384,0.42962399613676044,0.27279957867920857,0.21071985300473872,0.11448893691137914,0.0,0.0,0.0,,,,True
Clinician mode (table),level,small / reference,1,-0.057413958493054446,,0.04651163453553357,,0.40384615384615385,-0.07490337303334292,0.7115384615384616,0.42962399613676044,0.27279957867920857,0.21071985300473872,0.020129372016214682,0.0,0.0,0.0,,,,True
Clinician mode (table),worst_site,small / reference,1,-0.057413958493054446,,0.04651163453553357,,0.40384615384615385,-0.05851986013473065,0.6346153846153846,0.42962399613676044,0.27279957867920857,0.21071985300473872,0.07263631801384728,0.0,0.0,0.0,,,,True
BC,delta,d3rlpy (mps),3,-0.06338799352908804,0.1226485764002062,-0.0005122513446597765,0.05246562807411711,0.5769230769230769,,,0.3734027718489427,0.006014691113071291,-0.0035522759428623907,,0.025776599844296772,0.06410256410256411,0.0,0.4683442185043531,,,True
BC,level,d3rlpy (mps),3,-0.06338799352908804,0.1226485764002062,-0.0005122513446597765,0.05246562807411711,0.5769230769230769,,,0.3734027718489427,0.006014691113071291,-0.0035522759428623907,,0.025776599844296772,0.06410256410256411,0.0,0.4683442185043531,,,True
BC,worst_site,d3rlpy (mps),3,-0.06338799352908804,0.1226485764002062,-0.0005122513446597765,0.05246562807411711,0.5769230769230769,,,0.3734027718489427,0.006014691113071291,-0.0035522759428623907,,0.025776599844296772,0.06410256410256411,0.0,0.4683442185043531,,,True
QTable bandit (gamma 0),delta,small / reference,1,-0.08199292348097018,,0.07694607286809156,,0.28846153846153844,0.08166157210402047,0.25,0.4667577816432346,0.35691489687438804,0.23974377275782502,0.13413983295837395,0.0,0.0,0.0,,,,True
QTable-AC (exploit),delta,small / reference,1,-0.08199292348097018,,0.08165881101937038,,0.28846153846153844,-0.0008703741227387761,0.5,0.4525828558432364,0.35691489687438804,0.23974377275782502,0.05589000614962339,0.0,0.0,0.0,,,,True
AgentDB pick: actor critic,level,agentdb arm,3,-0.1019093275228795,0.14858595792353987,-0.021599931699820708,0.05139198473521356,0.6346153846153846,0.028116907140214573,0.5384615384615384,0.351062921540169,0.03776528512639669,-0.029109891668129207,1.3962443422388233,0.001962874180231339,0.012820512820512822,0.0,,,,True
QTable-AC (exploit),worst_site,small / reference,1,-0.10758454715076783,,-0.006702956633699555,,0.5961538461538461,0.012953214885465317,0.4230769230769231,0.2656420138527301,0.12080497991377692,-0.3360908993974985,0.22464739179631385,0.0,0.0,0.0,,,,True
AgentDB pick: actor critic,delta,agentdb arm,3,-0.1162290201128059,0.14458165334261258,-0.03745126497623723,0.027187596797697895,0.6153846153846154,-0.052208063873923106,0.7692307692307693,0.3377728449870514,-0.013529204634528188,0.009985681790531923,0.2705076289657752,0.003828582473290272,0.019230769230769232,0.0,,,,True
AgentDB pick: decision transformer,level,agentdb arm,3,-0.11710372370184818,0.046280239950705154,-0.07956970887048578,0.010645232617525351,0.7884615384615384,,,0.3975070434559891,-0.08343593841857644,-0.2654363191755618,,0.004341603853763678,0.012820512820512822,0.0,,,,True
CQL,level,d3rlpy (mps),3,-0.13502838325369146,0.05082262487084463,-0.04900537863911892,0.008587321677834606,0.6730769230769231,-0.190032754789093,0.9230769230769231,0.40319872506331994,0.16095421810699664,-0.38762407927322023,6.19835463818725,0.0008566016570115701,0.006410256410256411,0.0,0.36510318108040885,61.634988720837356,-1.1261497166007757,True
AgentDB pick: sarsa,level,agentdb arm,3,-0.13605525109950192,0.05844483097666307,-0.03982411397285538,0.05060669325632738,0.5384615384615384,-0.12712913790972688,0.6923076923076923,0.074356708294306,0.2523940880364492,-0.5201584105791665,46.7986876624615,0.0,0.0,0.0,,,,True
AgentDB pick: decision transformer,worst_site,agentdb arm,3,-0.13642033967046055,0.052241847803040836,-0.05785594353851845,0.00396635073985212,0.75,,,0.3757932781240217,0.05952858612580888,-0.1579740359129754,,0.006119657021302443,0.019230769230769232,0.0,,,,True
CQL,delta,d3rlpy (mps),3,-0.14598501007451586,0.01853046333279523,-0.060986368422550445,0.018670906320354567,0.7115384615384616,-0.16366430461879963,0.8653846153846154,0.4147812971342382,0.04032536008230536,-0.3456910770045698,7.553750931740957,0.0003544638554255168,0.012820512820512822,0.0,0.3637855217640104,94.80650190183809,-3.50825043519338,True
AgentDB pick: decision transformer,delta,agentdb arm,3,-0.1497714221171911,0.09368981060264787,-0.060360283445744047,0.029667982509606,0.7115384615384616,,,0.3749964426989954,-0.15497868900646602,-0.1995844305655918,,0.0,0.0,0.0,,,,True
AgentDB pick: retrieval,delta,agentdb arm,3,-0.15710183270286682,0.047309945481114155,-0.02450989117777559,0.03320275629925039,0.6346153846153846,,,0.39796244468133085,-0.16373934450323288,-0.03746245474482929,,6.877459012545072e-09,0.05769230769230769,0.0,,,,True
QTable-AC (exploit),level,small / reference,1,-0.1766761490407235,,-0.10207261648710558,,0.7692307692307693,-0.0013823589008204091,0.4423076923076923,0.3068582046463048,0.11258738732118401,-0.3360908993974985,0.2708649454229378,0.0,0.0,0.0,,,,True
CQL,worst_site,d3rlpy (mps),3,-0.18312250963485485,0.06176396449572896,-0.06357608355388598,0.016593204319926166,0.7307692307692307,-0.19982179538111,0.9230769230769231,0.4026864737186602,0.0686818415637868,-0.41795507958472733,6.222831878883233,0.0013293600999391994,0.006410256410256411,0.0,0.3612856477280193,66.68681753929151,-1.2640566289424895,True
AgentDB pick: sarsa,worst_site,agentdb arm,3,-0.1888254374851889,0.12213197708122023,-0.05705765092283904,0.06306571583498016,0.6538461538461539,-0.07627144622456786,0.75,0.11037318593441009,0.16209697477337237,-0.4578866718255769,41.804418044468804,0.0,0.0,0.0,,,,True
GP bandit,worst_site,small / reference,1,-0.29437053759546705,,-0.1689972506623993,,0.9230769230769231,0.06514685816096323,0.38461538461538464,-0.2590892665536733,0.08745498971193488,-0.558870983967091,2.3827034285100845,3.6679781400240387e-08,0.3076923076923077,0.0,,,,True
Random setting,delta,small / reference,1,0.0980007835324351,,0.06172628703150345,,0.34615384615384615,,,0.04712712370869973,0.16660276430531185,-0.249321800647997,,0.6728100470375883,0.6153846153846154,0.34615384615384615,,,,False
Random setting,level,small / reference,1,0.0980007835324351,,0.06172628703150345,,0.34615384615384615,,,0.04712712370869973,0.16660276430531185,-0.249321800647997,,0.6728100470375883,0.6153846153846154,0.34615384615384615,,,,False
Random setting,worst_site,small / reference,1,0.0980007835324351,,0.06172628703150345,,0.34615384615384615,,,0.04712712370869973,0.16660276430531185,-0.249321800647997,,0.6728100470375883,0.6153846153846154,0.34615384615384615,,,,False
TD3+BC,worst_site,d3rlpy (mps),3,-0.11630820969293972,0.07845742824655841,-0.040695523492415835,0.01577348181082947,0.6730769230769231,0.15424592248340593,0.11538461538461539,0.3662597114317425,0.14682810152524672,-0.3419328526788683,2.539920541529925,0.10642887690128423,0.09615384615384615,0.06410256410256411,2.2646911608890803,1.8638277030503376,7.598191420237224,False
AgentDB pick: retrieval,level,agentdb arm,3,-0.21707606047476782,0.14012455700690926,-0.056789479956227,0.01887729152429061,0.7307692307692307,,,0.3508730728284844,-0.19558798133450847,-0.1202538422025554,,0.012820519697971834,0.06410256410256411,0.012820512820512822,,,,False
AgentDB pick: retrieval,worst_site,agentdb arm,3,-0.22008417661560006,0.05975636773601513,-0.05434013152819023,0.015851470100932557,0.7115384615384616,,,0.3496787343546221,-0.19558798133450847,-0.1202538422025554,,0.012820519697971834,0.06410256410256411,0.012820512820512822,,,,False
TD3+BC,level,d3rlpy (mps),3,-0.3287851888901427,0.2648370853861821,-0.11941148012180197,0.16480148117374382,0.9230769230769231,0.2642277291019019,0.07692307692307693,0.3805173738581063,-0.05864501682017068,-0.31718310656773635,1.4564867599470677,0.11309014490017523,0.16025641025641027,0.05128205128205129,2.1895525567551615,2.093297879279316,7.080841477711996,False
Keep current setting,delta,small / reference,1,-0.5113613881736601,,-0.2995493927197743,,1.0,,,0.12136620432357086,-0.34986809229864724,-0.5965129051814896,,0.11153846062146701,0.21153846153846154,0.057692307692307696,,,,False
Keep current setting,level,small / reference,1,-0.5113613881736601,,-0.2995493927197743,,1.0,,,0.12136620432357086,-0.34986809229864724,-0.5965129051814896,,0.11153846062146701,0.21153846153846154,0.057692307692307696,,,,False
Keep current setting,worst_site,small / reference,1,-0.5113613881736601,,-0.2995493927197743,,1.0,,,0.12136620432357086,-0.34986809229864724,-0.5965129051814896,,0.11153846062146701,0.21153846153846154,0.057692307692307696,,,,False
